alias topatisen Johannes Fornaeus <johannes.fornaeus@gmail.com>
alias brisbin Peter Brisbin <pbrisbin@gmail.com>
alias sound Stefan Johansson <fenats.onjahonss@gmail.com>
alias Niclas.Cedervi Niclas Cedervi <niclas.cedervi@klarna.com>
alias tezz Tezz Johansson <tezz.johansson@gmail.com>
alias Jesse Jesse Valapuro <red_star_200@hotmail.com>
alias ornotermes Rikard Lindström <ornotermes@gmail.com>
alias beardy Tobias Rosenqvist <tobias.rosenqvist@gmail.com>
